store_id,store_name,city,region
S001,RetailMart Andheri,Mumbai,West
S002,RetailMart Koramangala,Bengaluru,South
S003,RetailMart Connaught Place,Delhi,North
S004,RetailMart Salt Lake,Kolkata,East
S005,RetailMart Banjara Hills,Hyderabad,South
